Source File	Size	loadResources	load	generateSnapshots	load-configure	scan	loadDepInfo	loadInfo	checkR4R4B	generateNarratives	validate	loadLists	checkConformanceResources	checkConformanceResources2	checkConformanceResources3	generateLogicalMaps	validateExpressions	scanForUsageStats	checkURLsUnique	processProvenanceDetails	translate	generate1	generate2	responsesForQuestionnaire	generateLogicals	makeDependencies	generateExampleZip	generateValidationPack	scanProfilesForR5	scanExamplesForR5
/fsh-generated/resources/ImplementationGuide-hl7.fhir.be.patient-monitoring.json	52025	-	0	0	0	0	0	0	19	71	0	0	1	0	1	0	0	2	0	0	0	260	410	0	0	0	0	8	0	2
fsh-generated/resources/Appointment-Appointment-testapp.json	673	3	0	0	2	0	0	0	0	651	0	0	0	0	0	0	0	0	0	0	0	17	20	0	0	0	0	0	0	0
fsh-generated/resources/CareTeam-CareTeam-F-7766077.json	772	2	0	0	0	0	0	0	0	3	0	0	0	0	0	0	0	0	0	0	0	14	18	0	0	0	0	0	0	0
fsh-generated/resources/CareTeam-CareTeam-Katheter.json	215	1	0	0	0	0	0	0	0	1	0	0	0	0	0	0	0	0	0	0	0	13	4	0	0	0	0	0	0	0
fsh-generated/resources/CareTeam-CareTeam-OPAT.json	296	0	0	0	0	0	0	0	1	1	0	0	0	0	0	0	0	0	0	0	0	12	4	0	0	0	0	0	0	0
fsh-generated/resources/CareTeam-CareTeam-Spoed.json	214	2	0	0	0	0	0	0	0	0	0	0	0	0	0	0	0	0	0	0	0	10	4	0	0	0	0	0	0	0
fsh-generated/resources/ClinicalImpression-ClinicalImpression-MED-medischeVG.json	329	1	0	0	0	0	0	0	0	3	0	0	0	0	0	0	0	0	0	0	0	10	12	0	0	0	0	0	0	1
fsh-generated/resources/ClinicalImpression-ClinicalImpression-OBS-Ademhalingsproblemen.json	333	1	0	0	0	0	0	0	0	2	0	0	0	0	0	0	0	0	0	0	0	10	11	0	0	0	0	0	0	0
fsh-generated/resources/ClinicalImpression-ClinicalImpression-OBS-Andere.json	319	1	0	0	0	0	0	0	0	2	0	0	0	0	0	0	0	0	0	0	0	9	8	0	0	0	0	0	0	0
fsh-generated/resources/ClinicalImpression-ClinicalImpression-OBS-Blaren.json	319	1	0	0	0	0	0	0	0	2	0	0	0	0	0	0	0	0	0	0	0	8	8	0	0	0	0	0	0	0
fsh-generated/resources/ClinicalImpression-ClinicalImpression-OBS-Braken.json	319	1	0	0	0	0	0	0	0	1	0	0	0	0	0	0	0	0	0	0	0	8	8	0	0	0	0	0	0	0
fsh-generated/resources/ClinicalImpression-ClinicalImpression-OBS-Candidiase.json	323	1	0	0	0	0	0	0	0	2	0	0	0	0	0	0	0	0	0	0	0	8	10	0	0	0	0	0	0	0
fsh-generated/resources/ClinicalImpression-ClinicalImpression-OBS-Diarree.json	320	2	0	0	0	0	0	0	0	2	0	0	0	0	0	0	0	0	0	0	0	8	9	0	0	0	0	0	0	0
fsh-generated/resources/ClinicalImpression-ClinicalImpression-OBS-Gewrichtspijn.json	326	1	0	0	0	0	0	0	0	2	0	0	0	0	0	0	0	0	0	0	0	8	11	0	0	0	0	0	0	0
fsh-generated/resources/ClinicalImpression-ClinicalImpression-OBS-Huiduitslag.json	324	1	0	0	0	0	0	0	0	2	0	0	0	0	0	0	0	0	0	0	0	8	10	0	0	0	0	0	0	0
fsh-generated/resources/ClinicalImpression-ClinicalImpression-OBS-Jeuk.json	318	1	0	0	0	0	0	0	0	1	0	0	0	0	0	0	0	0	0	0	0	7	9	0	0	0	0	0	0	0
fsh-generated/resources/ClinicalImpression-ClinicalImpression-OBS-Misselijkheid.json	326	1	0	0	1	0	0	0	0	2	0	0	0	0	0	0	0	0	0	0	0	8	12	0	0	0	0	0	0	0
fsh-generated/resources/ClinicalImpression-ClinicalImpression-OBS-Moe.json	316	1	0	0	0	0	0	0	0	2	0	0	0	0	0	0	0	0	0	0	0	7	13	0	0	0	0	0	0	0
fsh-generated/resources/ClinicalImpression-ClinicalImpression-OBS-Observatie-andere-specifieer.json	322	2	0	0	0	0	0	0	1	2	0	0	0	0	0	0	0	0	0	0	0	8	13	0	0	0	0	0	0	0
fsh-generated/resources/ClinicalImpression-ClinicalImpression-OBS-Obstipatie.json	323	1	0	0	0	0	0	0	0	1	0	0	0	0	0	0	0	0	0	0	0	7	12	0	0	0	0	0	0	0
fsh-generated/resources/ClinicalImpression-ClinicalImpression-OBS-Pijn.json	317	1	0	0	0	0	0	0	0	2	0	0	0	0	0	0	0	0	0	0	0	7	11	0	0	0	0	0	0	0
fsh-generated/resources/ClinicalImpression-ClinicalImpression-OBS-Rillingen.json	322	1	0	0	0	0	0	0	0	2	0	0	0	0	0	0	0	0	0	0	0	8	12	0	0	0	0	0	0	0
fsh-generated/resources/ClinicalImpression-ClinicalImpression-OBS-Verminderdeeetlust.json	331	1	0	0	0	0	0	0	0	1	0	0	0	0	0	0	0	0	0	0	0	8	12	0	0	0	0	0	0	0
fsh-generated/resources/ClinicalImpression-ClinicalImpression-OBS-Zwelling.json	321	1	0	0	0	0	0	0	0	2	0	0	0	0	0	0	0	0	0	0	0	7	12	0	0	0	0	0	0	0
fsh-generated/resources/CodeSystem-decision-cs.json	1004	1	0	0	0	0	1	0	0	6	0	0	0	0	0	0	0	0	0	0	0	11	98	0	0	0	0	1	0	0
fsh-generated/resources/Composition-OPAT-Document.json	5447	2	0	0	0	0	0	0	1	2	0	0	0	0	0	0	0	0	0	0	0	16	77	0	0	0	0	0	0	0
fsh-generated/resources/DiagnosticReport-example-holter-diagnosticreport.json	1116	2	0	0	0	0	0	0	0	3	0	0	0	0	0	0	0	0	0	0	0	12	19	0	0	0	0	0	0	0
fsh-generated/resources/Encounter-CT-259690079.json	409	1	0	0	0	0	0	0	0	2	0	0	0	0	0	0	0	0	0	0	0	8	17	0	0	0	0	0	0	0
fsh-generated/resources/Encounter-Encounter-3441.json	1167	1	0	0	0	0	0	0	1	5	0	0	0	0	0	0	0	0	0	0	0	9	8	0	0	0	0	0	0	0
fsh-generated/resources/Location-testloc.json	339	1	0	0	0	0	0	0	0	1	0	0	0	0	0	0	0	0	0	0	0	6	7	0	0	0	0	0	0	0
fsh-generated/resources/Observation-AbdominalPainExample.json	1223	2	0	0	0	0	0	0	0	442	0	0	0	0	0	0	0	0	0	0	0	14	11	0	0	0	0	0	0	0
fsh-generated/resources/Observation-AppetiteExample.json	640	1	0	0	0	0	0	0	0	1	0	0	0	0	0	0	0	0	0	0	0	10	6	0	0	0	0	0	0	0
fsh-generated/resources/Observation-BladderContinenceExample.json	745	2	0	0	0	0	0	0	0	1	0	0	0	0	0	0	0	0	0	0	0	11	6	0	0	0	0	0	0	0
fsh-generated/resources/Observation-BloodPressureExample.json	2344	1	0	0	0	0	0	0	0	221	0	0	0	0	0	0	0	0	0	0	0	21	22	0	0	0	0	0	0	0
fsh-generated/resources/Observation-BloodPressureExample2.json	2382	2	0	0	0	0	0	0	0	3	0	0	0	0	0	0	0	0	0	0	0	19	9	0	0	0	0	0	0	0
fsh-generated/resources/Observation-BodyTemperatureExample.json	1695	1	0	0	0	0	0	0	0	158	0	0	0	0	0	0	0	0	0	0	0	17	71	0	0	0	0	0	0	0
fsh-generated/resources/Observation-BodyTemperatureExample2.json	1182	2	0	0	0	0	0	0	0	1	0	0	0	0	0	0	0	0	0	0	0	15	7	0	0	0	0	0	0	0
fsh-generated/resources/Observation-BodyWeightExample.json	1687	1	0	0	0	0	0	0	1	159	0	0	0	0	0	0	0	0	0	0	0	18	10	0	0	0	0	0	0	0
fsh-generated/resources/Observation-BodyWeightExample2.json	1174	1	0	0	0	0	0	0	0	1	0	0	0	0	0	0	0	0	0	0	0	14	6	0	0	0	0	0	0	0
fsh-generated/resources/Observation-CatheterMovedOrRemovedExample.json	1225	1	0	0	0	0	0	0	0	156	0	0	0	0	0	0	0	1	0	0	0	13	7	0	0	0	0	0	0	0
fsh-generated/resources/Observation-ClinicalNoteExample.json	509	1	0	0	0	0	0	0	0	0	0	0	0	0	0	0	0	0	0	0	0	11	5	0	0	0	0	0	0	0
fsh-generated/resources/Observation-DiarrheaExample.json	1222	2	0	0	0	0	0	0	0	308	0	0	0	0	0	0	0	0	0	0	0	13	6	0	0	0	0	0	0	0
fsh-generated/resources/Observation-DistendedAbdomenExample.json	1225	1	0	0	0	0	0	0	0	311	0	0	0	0	0	0	0	0	0	0	0	14	7	0	0	0	0	0	0	0
fsh-generated/resources/Observation-DrainFluidExample.json	610	1	0	0	0	0	0	0	0	154	0	0	0	0	0	0	0	0	0	0	0	12	5	0	0	0	0	0	0	0
fsh-generated/resources/Observation-HeartRateExample.json	1685	1	0	0	0	0	0	0	0	158	0	0	0	0	0	0	0	0	0	0	0	17	10	0	0	0	0	0	0	1
fsh-generated/resources/Observation-HeartRateExample2.json	1172	1	0	0	0	0	0	0	0	1	0	0	0	0	0	0	0	0	0	0	0	14	6	0	0	0	1	0	0	0
fsh-generated/resources/Observation-IncontinenceScoreExample.json	392	1	0	0	0	0	0	0	0	1	0	0	0	0	0	0	0	0	0	0	0	11	5	0	0	0	0	0	0	0
fsh-generated/resources/Observation-LeakageCatheterExample.json	1218	2	0	0	0	0	0	0	1	1	0	0	0	0	0	0	0	0	0	0	0	14	6	0	0	0	0	0	0	0
fsh-generated/resources/Observation-LevelOfResponsivenessExample.json	1224	1	0	0	1	0	0	0	0	315	0	0	0	0	0	0	0	0	0	0	0	14	7	0	0	0	0	0	0	0
fsh-generated/resources/Observation-NationalEarlyWarningScoreExample.json	1141	1	0	0	0	0	0	0	0	157	0	0	0	0	0	0	0	0	0	0	0	14	6	0	0	0	0	0	0	0
fsh-generated/resources/Observation-NauseaExample.json	1215	1	0	0	0	0	0	0	0	1	0	0	0	0	0	0	0	0	0	0	0	11	6	0	0	0	0	0	0	0
fsh-generated/resources/Observation-NauseaExample2.json	632	2	0	0	0	0	0	0	0	1	0	0	0	0	0	0	0	0	0	0	0	7	6	0	0	0	0	0	0	0
fsh-generated/resources/Observation-Observation-Katheter-7938866.json	1315	1	0	0	0	0	0	0	0	2	0	0	0	0	0	0	0	0	0	0	0	13	9	0	0	0	0	0	0	0
fsh-generated/resources/Observation-Observation-Temperatuur.json	714	1	0	0	0	0	0	0	0	1	0	0	0	0	0	0	0	0	0	0	0	11	8	0	0	0	0	0	0	0
fsh-generated/resources/Observation-OrthopneuExample.json	1225	1	0	0	0	0	0	0	0	305	0	0	0	0	0	0	0	0	0	0	0	14	8	0	0	0	0	0	0	0
fsh-generated/resources/Observation-OxygenSaturationExample.json	1870	2	0	0	0	0	0	0	0	157	0	0	0	0	0	0	0	0	0	0	0	17	10	0	0	0	0	0	0	0
fsh-generated/resources/Observation-OxygenSaturationExample2.json	1200	1	0	0	0	0	0	0	0	2	0	0	0	0	0	0	0	0	0	0	0	14	6	0	0	0	0	0	0	0
fsh-generated/resources/Observation-PainDuringUrinationExample.json	847	1	0	0	0	0	0	0	0	305	0	0	0	0	0	0	0	0	0	0	0	13	6	0	0	0	0	0	0	0
fsh-generated/resources/Observation-PainInCalvesExample.json	842	1	0	0	0	0	0	0	1	153	0	0	0	0	0	0	0	0	0	0	0	12	5	0	0	0	0	0	0	0
fsh-generated/resources/Observation-PainInfectionSiteExample.json	1220	1	0	0	0	0	0	0	0	1	0	0	0	0	0	0	0	0	0	0	0	13	6	0	0	0	0	0	0	0
fsh-generated/resources/Observation-PainKillerExample.json	654	1	0	0	0	0	0	0	0	1	0	0	0	0	0	0	0	0	0	0	0	11	5	0	0	0	0	0	0	0
fsh-generated/resources/Observation-PainPunctureWoundsExample.json	1229	2	0	0	0	0	0	0	0	156	0	0	0	0	0	0	0	0	0	0	0	13	7	0	0	0	0	0	0	0
fsh-generated/resources/Observation-PainSurgicalWoundsExample.json	1221	1	0	0	0	0	0	0	0	1	0	0	0	0	0	0	0	0	0	0	0	10	6	0	0	0	0	0	0	0
fsh-generated/resources/Observation-PainSurgicalWoundsExample2.json	1445	2	0	0	0	0	0	0	0	1	0	0	0	0	0	0	0	0	0	0	0	14	10	0	0	0	0	0	0	0
fsh-generated/resources/Observation-RednessPunctureWoundsExample.json	1224	1	0	0	0	0	0	0	0	1	0	0	0	0	0	0	0	0	0	0	0	14	6	0	0	0	0	0	0	0
fsh-generated/resources/Observation-ReducedAppetiteExample.json	1231	2	0	0	0	0	0	0	0	155	0	0	0	0	0	0	0	0	0	0	0	14	7	0	0	0	0	0	0	0
fsh-generated/resources/Observation-RespiratoryRateExample.json	1766	1	0	0	0	0	0	0	0	3	0	0	0	0	0	0	0	0	0	0	0	12	9	0	0	0	0	0	0	0
fsh-generated/resources/Observation-RespiratoryRateExample2.json	1196	1	0	0	0	0	0	0	1	1	0	0	0	0	0	0	0	0	0	0	0	10	7	0	0	0	0	0	0	0
fsh-generated/resources/Observation-ShortnessOfBreathExample.json	1234	2	0	0	0	0	0	0	0	1	0	0	0	0	0	0	0	0	0	0	0	11	6	0	0	0	0	0	0	0
fsh-generated/resources/Observation-ShoulderPainExample.json	1227	1	0	0	0	0	0	0	0	304	0	0	0	0	0	0	0	0	0	0	0	12	6	0	0	0	0	0	0	0
fsh-generated/resources/Observation-StoolScoreExample.json	504	1	0	0	0	0	0	0	0	1	0	0	0	0	0	0	0	0	0	0	0	7	4	0	0	0	0	0	0	0
fsh-generated/resources/Observation-example-holter-afib.json	882	2	0	0	0	0	0	0	0	1	0	0	0	0	0	0	0	0	0	0	0	8	6	0	0	0	0	0	0	0
fsh-generated/resources/Observation-example-holter-sv.json	510	0	0	0	0	0	0	0	0	0	0	0	0	0	0	0	0	0	0	0	0	7	6	0	0	0	0	0	0	0
fsh-generated/resources/Organization-Organization-UZL.json	88	1	0	0	0	0	0	0	0	1	0	0	0	0	0	0	0	0	0	0	0	5	4	0	0	0	0	0	0	0
fsh-generated/resources/Patient-Patient-123.json	3609	3	0	0	0	0	0	0	0	377	0	0	0	0	0	0	0	0	0	0	0	13	21	0	0	0	0	0	0	0
fsh-generated/resources/PractitionerRole-PractitionerRole-16500.json	849	1	0	0	0	0	0	0	0	1	0	0	0	0	0	0	0	0	0	0	0	10	6	0	0	0	0	0	0	0
fsh-generated/resources/Questionnaire-homehosp-azacitidine.json	20886	4	0	0	0	0	0	0	2	75	0	0	0	0	0	0	0	0	0	0	0	186	435	0	0	0	0	4	0	0
fsh-generated/resources/Questionnaire-homehosp-bortezomib.json	19345	4	0	0	0	0	0	0	1	17	0	0	0	0	0	0	0	0	0	0	0	165	94	0	0	0	0	3	0	0
fsh-generated/resources/Questionnaire-homehosp-daratumumab.json	18969	3	0	0	0	0	0	0	2	23	0	0	0	0	0	0	0	0	0	0	0	217	90	0	0	0	0	4	0	1
fsh-generated/resources/Questionnaire-homehosp-fulvestrant.json	15947	4	0	0	0	0	0	0	1	19	0	0	0	0	0	0	0	1	0	0	0	138	75	0	0	0	0	3	0	0
fsh-generated/resources/Questionnaire-homehosp-opat-continuous-infusion.json	32157	4	0	0	0	0	0	0	2	31	0	0	0	0	0	0	0	0	0	0	0	250	693	0	0	0	0	5	0	0
fsh-generated/resources/Questionnaire-homehosp-opat-short-iv.json	30595	6	0	0	0	0	0	0	2	28	0	0	0	0	0	0	0	0	0	0	0	216	105	0	0	0	0	5	0	1
fsh-generated/resources/Questionnaire-homehosp-q-onco-definitions.json	61558	8	0	0	0	0	0	0	2	30	0	0	0	0	0	0	0	0	0	0	0	235	137	0	0	1	0	6	0	0
fsh-generated/resources/Questionnaire-homehosp-q-opat-definitions.json	76722	10	0	0	0	0	0	0	4	40	0	0	0	0	0	0	0	1	0	0	0	292	152	0	0	0	0	7	0	1
fsh-generated/resources/Questionnaire-homehosp-trastuzumab.json	23923	4	0	0	0	0	0	0	1	24	0	0	0	0	0	0	0	0	0	0	0	181	95	0	0	0	0	4	0	0
fsh-generated/resources/QuestionnaireResponse-HomehospAzacitidineQuestionnaireResponseExample.json	11480	3	0	0	0	0	0	0	1	10	0	0	0	0	0	0	0	0	0	0	0	100	46	0	0	0	0	0	0	0
fsh-generated/resources/QuestionnaireResponse-HomehospOpatContinuousInfusionQRMultiLumenExample.json	15267	4	0	0	0	0	0	0	1	5	0	0	0	0	0	0	0	0	0	0	0	136	50	0	0	0	0	0	0	1
fsh-generated/resources/QuestionnaireResponse-HomehospOpatContinuousInfusionQuestionnaireResponseExample.json	13502	3	0	0	0	0	0	0	1	5	0	0	0	0	0	0	0	0	0	0	0	126	47	0	0	0	0	0	0	0
fsh-generated/resources/QuestionnaireResponse-HomehospOpatShortIVQRMultiLumenExample.json	13495	4	0	0	1	0	0	0	1	4	0	0	0	0	0	0	0	0	0	0	0	122	50	0	0	0	0	0	0	0
fsh-generated/resources/StructureDefinition-appetite-observation.json	1271	2	0	62	0	0	0	0	0	31	0	0	0	0	0	0	0	1	0	0	0	178	1731	0	0	0	0	6	1	1
fsh-generated/resources/StructureDefinition-bladder-continence-observation.json	1291	1	0	41	0	0	0	0	0	18	0	0	0	0	0	0	0	1	0	0	0	173	771	0	0	0	0	5	0	0
fsh-generated/resources/StructureDefinition-clinical-note-observation.json	1055	2	0	31	0	0	0	0	0	18	0	0	1	0	0	0	0	1	0	0	0	169	608	0	0	0	0	6	0	1
fsh-generated/resources/StructureDefinition-drain-fluid-observation.json	1548	1	0	33	0	0	0	0	0	23	0	0	0	0	0	0	0	1	0	0	0	194	593	0	0	0	0	6	0	1
fsh-generated/resources/StructureDefinition-holter-diagnostic-report.json	1751	2	0	21	0	0	0	0	0	16	0	0	0	0	0	0	0	0	0	0	0	113	231	0	0	0	0	3	0	0
fsh-generated/resources/StructureDefinition-holter-observation.json	3156	1	0	34	0	0	0	0	0	27	0	0	0	0	0	0	0	1	0	0	0	218	553	0	0	0	0	7	0	1
fsh-generated/resources/StructureDefinition-homehosp-encounter-lm.json	10052	3	0	20	0	0	0	0	0	16	0	0	0	0	0	0	0	1	0	0	0	114	271	0	0	0	0	2	0	0
fsh-generated/resources/StructureDefinition-homehosp-encounter.json	3031	1	0	39	4	0	0	0	0	28	0	0	0	0	0	0	0	1	0	0	0	230	402	0	0	0	0	6	1	1
fsh-generated/resources/StructureDefinition-homehosp-onco-azacitidine.json	1024	2	0	166	2	0	0	0	0	129	0	0	0	0	0	0	0	2	0	0	0	440	1129	0	0	0	0	15	0	2
fsh-generated/resources/StructureDefinition-homehosp-onco-base.json	3343	2	0	3	0	0	0	0	0	58	0	0	1	0	0	0	0	3	0	0	0	541	1256	0	0	0	0	16	1	2
fsh-generated/resources/StructureDefinition-homehosp-onco-bortezomib.json	1020	1	0	52	4	0	0	0	0	45	0	0	0	0	0	0	0	3	0	0	0	444	1040	0	0	0	0	13	0	2
fsh-generated/resources/StructureDefinition-homehosp-onco-daratumumab.json	1049	1	0	51	2	0	0	0	0	44	0	0	0	0	0	0	0	1	0	0	0	459	1021	0	0	0	0	14	0	2
fsh-generated/resources/StructureDefinition-homehosp-onco-fulvestrant.json	1018	1	0	53	2	0	0	0	0	28	0	0	1	0	0	0	0	2	0	0	0	448	632	0	0	0	0	14	1	2
fsh-generated/resources/StructureDefinition-homehosp-onco-trastuzumab.json	1042	1	0	53	2	0	0	0	0	37	0	0	0	0	0	0	0	1	0	0	0	440	1034	0	0	0	0	14	0	1
fsh-generated/resources/StructureDefinition-homehosp-opat-base.json	2826	2	0	51	0	0	0	0	0	25	0	0	0	0	0	0	0	2	0	0	0	377	603	0	0	0	0	12	0	2
fsh-generated/resources/StructureDefinition-homehosp-opat-continuous-infusion.json	1109	1	0	37	2	0	0	0	0	26	0	0	0	0	0	0	0	1	0	0	0	350	508	0	0	0	0	12	1	2
fsh-generated/resources/StructureDefinition-homehosp-opat-short-iv.json	1046	2	0	35	2	0	0	0	0	32	0	0	0	0	0	0	0	1	0	0	0	351	800	0	0	0	0	11	0	1
fsh-generated/resources/StructureDefinition-homehosp-questionnaire-response-lm.json	12708	2	0	23	0	0	0	0	0	23	0	0	1	0	0	0	0	0	0	0	0	151	187	0	0	0	0	4	0	1
fsh-generated/resources/StructureDefinition-homehosp-questionnaire-response.json	2786	2	0	16	2	0	0	0	0	15	0	0	0	0	0	0	0	1	0	0	0	122	195	0	0	0	0	4	0	0
fsh-generated/resources/StructureDefinition-nausea-observation.json	1254	1	0	20	0	0	0	0	0	18	0	0	0	0	0	0	0	0	0	0	0	170	248	0	0	0	0	5	0	1
fsh-generated/resources/StructureDefinition-onco-azacitidine-questionnaire.json	24236	4	0	22	0	0	0	0	0	41	0	0	0	0	0	0	0	1	0	0	0	286	273	0	0	0	0	7	0	0
fsh-generated/resources/StructureDefinition-onco-bortezomib-questionnaire.json	24096	4	0	20	0	0	0	0	0	35	0	0	0	0	0	0	0	0	0	0	0	334	258	0	0	0	0	7	0	1
fsh-generated/resources/StructureDefinition-onco-daratumumab-questionnaire.json	22610	3	0	23	1	0	0	0	0	38	0	0	0	0	0	0	0	1	0	0	0	276	256	0	0	0	0	6	1	1
fsh-generated/resources/StructureDefinition-onco-fulvestrant-questionnaire.json	20158	3	0	19	0	0	0	0	0	35	0	0	0	0	0	0	0	0	0	0	0	246	233	0	0	0	0	6	0	0
fsh-generated/resources/StructureDefinition-onco-trastuzumab-questionnaire.json	27452	4	0	22	0	0	0	0	0	34	0	0	0	0	0	0	0	1	0	0	0	318	377	0	0	1	0	8	0	1
fsh-generated/resources/StructureDefinition-opat-continuous-infusion-questionnaire.json	37085	5	0	28	0	0	0	0	0	49	0	0	1	0	0	0	0	0	0	0	0	421	449	0	0	0	0	9	0	1
fsh-generated/resources/StructureDefinition-opat-short-iv-questionnaire.json	34236	4	0	26	0	0	0	0	0	41	0	0	0	0	0	0	0	1	0	0	0	404	510	0	0	0	0	10	0	1
fsh-generated/resources/StructureDefinition-painkiller-usage-observation.json	1288	2	0	13	0	0	0	0	0	19	0	0	0	0	0	0	0	1	0	0	0	171	293	0	0	0	0	5	0	0
fsh-generated/resources/StructureDefinition-stool-observation.json	1599	1	0	14	0	0	0	0	0	18	0	0	0	0	0	0	0	0	0	0	0	170	300	0	0	0	0	6	0	1
fsh-generated/resources/StructureDefinition-surgical-wound-pain-observation.json	1346	2	0	12	0	0	0	0	0	17	0	0	0	0	0	0	0	1	0	0	0	171	384	0	0	0	0	6	0	1
fsh-generated/resources/StructureDefinition-wexner-ccis-score-observation.json	1621	1	0	15	0	0	0	0	0	21	0	0	0	0	0	0	0	0	0	0	0	170	227	0	0	0	0	6	1	0
fsh-generated/resources/ValueSet-FluidDrainVS.json	529	1	0	0	0	0	0	0	1	879	0	0	0	0	0	0	0	0	0	0	0	10	197	0	0	0	0	1	0	0
fsh-generated/resources/ValueSet-YesNoVS.json	848	1	0	0	0	0	0	0	0	162	0	0	0	0	0	0	0	0	0	0	0	9	67	0	0	0	0	0	0	0
fsh-generated/resources/ValueSet-catheter-patency.json	1031	1	0	0	0	0	0	0	0	157	0	0	0	0	0	0	0	0	0	0	0	8	64	0	0	0	0	0	0	0
fsh-generated/resources/ValueSet-catheter-type.json	1704	1	0	0	0	0	0	0	0	242	0	0	0	0	0	0	0	0	0	0	0	10	72	0	0	0	0	1	0	0
fsh-generated/resources/ValueSet-continence-level.json	950	1	0	0	0	0	0	0	1	161	0	0	0	0	0	0	0	0	0	0	0	9	62	0	0	0	0	0	0	1
fsh-generated/resources/ValueSet-decision.json	594	0	0	0	0	0	0	0	0	1	0	0	0	0	0	0	0	0	0	0	0	8	58	0	0	0	0	0	0	0
fsh-generated/resources/ValueSet-heart-failure-symptoms.json	2253	1	0	0	0	0	0	0	0	366	0	0	0	0	1	0	0	0	0	0	0	14	379	0	0	0	0	0	0	0
fsh-generated/resources/ValueSet-holter-event-codes.json	583	1	0	0	0	0	0	0	0	156	0	0	0	0	0	0	0	0	0	0	0	8	94	0	0	0	0	2	0	0
fsh-generated/resources/ValueSet-holter-event-component-codes.json	617	1	0	0	0	0	0	0	0	156	0	0	0	0	0	0	0	0	0	0	0	9	205	0	0	0	0	1	0	0
fsh-generated/resources/ValueSet-holter-report-code.json	510	1	0	0	0	0	0	0	1	159	0	0	0	0	0	0	0	0	0	0	0	8	205	0	0	0	0	0	0	0
fsh-generated/resources/ValueSet-homehosp-side-effect-severity.json	1162	1	0	0	0	0	0	0	0	154	0	0	0	0	0	0	0	0	0	0	0	8	45	0	0	0	0	0	0	0
fsh-generated/resources/ValueSet-lumen-color.json	1184	1	0	0	0	0	0	0	0	158	0	0	0	0	0	0	0	0	0	0	0	9	198	0	0	0	0	0	0	0
fsh-generated/resources/ValueSet-medication-storage.json	1022	1	0	0	0	0	0	0	0	156	0	0	0	0	0	0	0	0	0	0	0	8	199	0	0	0	0	1	0	0
fsh-generated/resources/ValueSet-normal-abnormal.json	975	1	0	0	0	0	0	0	0	153	0	0	0	0	0	0	0	0	0	0	0	8	36	0	0	0	0	0	0	0
fsh-generated/resources/ValueSet-onco-symptom-grade.json	1260	0	0	0	0	0	0	0	0	156	0	0	0	0	0	0	0	0	0	0	0	9	42	0	0	0	0	0	0	0
fsh-generated/resources/ValueSet-pain-scale.json	1453	1	0	0	0	0	0	0	1	161	0	0	0	0	0	0	0	0	0	0	0	9	37	0	0	0	0	0	0	0
fsh-generated/resources/ValueSet-symptom-severity.json	836	1	0	0	0	0	0	0	0	157	0	0	0	0	0	0	0	0	0	0	0	8	192	0	0	0	0	0	0	0
fsh-generated/resources/ValueSet-true-false.json	815	1	0	0	0	0	0	0	0	156	0	0	0	0	0	0	0	0	0	0	0	7	192	0	0	0	0	1	0	0
fsh-generated/resources/ValueSet-well-poor-scale.json	2384	1	0	0	0	0	0	0	0	119	0	0	0	0	0	0	0	0	0	0	0	11	37	0	0	0	0	0	0	0
/fsh-generated/includes/menu.xml	4255	-	-	-	0	0	0	0	0	0	0	0	0	0	0	0	0	0	0	0	0	0	1	0	0	0	0	0	0	0
/fsh-generated/includes/fsh-link-references.md	9898	-	-	-	0	0	0	0	0	0	0	0	0	0	0	0	0	0	0	0	0	0	1	0	0	0	0	0	0	0
/input/data/features.yml	5	-	-	-	0	0	0	0	0	0	0	0	0	0	0	0	0	0	0	0	0	0	0	0	0	0	0	0	0	0
/input/pagecontent/carepath-heartfailure.md	4213	-	-	-	0	0	0	0	0	0	0	0	0	0	0	0	0	0	0	0	0	0	0	0	0	0	0	0	0	0
/input/pagecontent/carepath-holter.md	4807	-	-	-	0	0	0	0	0	0	0	0	0	0	0	0	0	0	0	0	0	0	1	0	0	0	0	0	0	0
/input/pagecontent/copyrights.md	1258	-	-	-	0	0	0	0	0	0	0	0	0	0	0	0	0	0	0	0	0	0	0	0	0	0	0	0	0	0
/input/pagecontent/carepath-antitumoral.md	16727	-	-	-	0	0	0	0	0	0	0	0	0	0	0	0	0	0	0	0	0	0	1	0	0	0	0	0	0	0
/input/pagecontent/changes.md	0	-	-	-	0	0	0	0	0	0	0	0	0	0	0	0	0	0	0	0	0	0	0	0	0	0	0	0	0	0
/input/pagecontent/downloads.md	683	-	-	-	0	0	0	0	0	0	0	0	0	0	0	0	0	0	0	0	0	0	0	0	0	0	0	0	0	0
/input/pagecontent/carepath-overview-loinc.md	141179	-	-	-	0	0	0	0	0	0	0	0	0	0	0	0	0	0	0	0	0	0	8	0	0	0	0	0	0	0
/input/pagecontent/index.md	3291	-	-	-	0	0	0	0	0	0	0	0	0	0	0	0	0	0	0	0	0	0	0	0	0	0	0	0	0	0
/input/pagecontent/home-hospitalization-mappingtable.md	78035	-	-	-	0	0	0	0	0	0	0	0	0	0	0	0	0	0	0	0	0	0	1	0	0	0	0	0	0	0
/input/pagecontent/carepath-ews.md	5611	-	-	-	0	0	0	0	0	0	0	0	0	0	0	0	0	0	0	0	0	0	0	0	0	0	0	0	0	0
/input/pagecontent/legal-guidelines-home-hospitalization.md	4439	-	-	-	0	0	0	0	0	0	0	0	0	0	0	0	0	0	0	0	0	0	1	0	0	0	0	0	0	0
/input/pagecontent/recommendations.md	1247	-	-	-	0	0	0	0	0	0	0	0	0	0	0	0	0	0	0	0	0	0	0	0	0	0	0	0	0	0
/input/pagecontent/careset-overview.md	4501	-	-	-	0	0	0	0	0	0	0	0	0	0	0	0	0	0	0	0	0	0	0	0	0	0	0	0	0	0
/input/pagecontent/carepath-perioperative-abdominal.md	4958	-	-	-	0	0	0	0	0	0	0	0	0	0	0	0	0	0	0	0	0	0	0	0	0	0	0	0	0	0
/input/pagecontent/carepath-opat.md	28358	-	-	-	0	0	0	0	0	0	0	0	0	0	0	0	0	0	0	0	0	0	0	0	0	0	0	0	0	0
/input/pagecontent/carepath-totem.md	11312	-	-	-	0	0	0	0	0	0	0	0	0	0	0	0	0	0	0	0	0	0	1	0	0	0	0	0	0	0
/input/pagecontent/home-hospitalization-opat.md	83225	-	-	-	0	0	0	0	0	0	0	0	0	0	0	0	0	0	0	0	0	0	1	0	0	0	0	0	0	0
/input/pagecontent/home-hospitalization-antitumoral.md	111119	-	-	-	0	0	0	0	0	0	0	0	0	0	0	0	0	0	0	0	0	0	2	0	0	0	0	0	0	0
/input/pagecontent/carepath-overview.md	1172	-	-	-	0	0	0	0	0	0	0	0	0	0	0	0	0	0	0	0	0	0	1	0	0	0	0	0	0	0
/input/pagecontent/terminology.md	679	-	-	-	0	0	0	0	0	0	0	0	0	0	0	0	0	0	0	0	0	0	0	0	0	0	0	0	0	0
/template/config	0	-	-	-	0	0	0	0	0	0	0	0	0	0	0	0	0	0	0	0	0	0	0	0	0	0	0	0	0	0
/template/config/_config.yml	46	-	-	-	0	0	0	0	0	0	0	0	0	0	0	0	0	0	0	0	0	0	0	0	0	0	0	0	0	0
/input/images	0	-	-	-	0	0	0	0	0	0	0	0	0	0	0	0	0	0	0	0	0	0	0	0	0	0	0	0	0	0
/input/images/application.yaml	9339	-	-	-	0	0	0	0	0	0	0	0	0	0	0	0	0	0	0	0	0	0	0	0	0	0	0	0	0	0
/input/images/Home_hospitalization_full_guide_nl.pdf	6516962	-	-	-	0	0	0	0	0	0	0	0	0	0	0	0	0	0	0	0	0	0	4	0	0	0	0	0	0	0
/input/images/2023-03-07_ZH_2020_quinquies_voorOCZH.pdf	304421	-	-	-	0	0	0	0	0	0	0	0	0	0	0	0	0	0	0	0	0	0	1	0	0	0	0	0	0	0
/input/images/home_hosp_interaction_diagram.png	97220	-	-	-	0	0	0	0	0	0	0	0	0	0	0	0	0	0	0	0	0	0	0	0	0	0	0	0	0	0
/temp/pages/_includes/artifacts.xml	88142	-	-	-	-	-	-	-	-	-	-	-	-	-	-	-	-	-	-	-	-	-	3	0	0	0	0	0	0	0
